City_ID,City,Lat,Lng,Max Temp,Humidity,Cloudiness,Wind Speed,Country,Date
0,Itacurubi Del Rosario,-24.5,-56.6833,89.42,32,0,9.19,PY,2022-02-06 15:42:25
1,Jamestown,42.097,-79.2353,25.52,49,0,7.0,US,2022-02-06 15:39:23
2,Piacabucu,-10.4056,-36.4344,87.37,58,13,13.82,BR,2022-02-06 15:42:25
3,Vaini,-21.2,-175.2,73.56,100,100,13.8,TO,2022-02-06 15:42:26
4,Kavieng,-2.5744,150.7967,81.55,78,100,3.78,PG,2022-02-06 15:42:26
5,Arraial Do Cabo,-22.9661,-42.0278,91.26,52,0,17.27,BR,2022-02-06 15:42:26
6,Yellowknife,62.456,-114.3525,-12.44,83,75,11.5,CA,2022-02-06 15:41:59
7,Lorengau,-2.0226,147.2712,81.72,78,96,6.31,PG,2022-02-06 15:40:03
8,Ponnani,10.767,75.9252,79.92,77,65,7.43,IN,2022-02-06 15:42:27
9,Barrow,71.2906,-156.7887,-20.18,69,20,5.75,US,2022-02-06 15:38:52
10,Blythe,33.6103,-114.5964,37.85,25,0,3.44,US,2022-02-06 15:42:27
11,Anadyr,64.75,177.4833,-16.1,76,0,8.95,RU,2022-02-06 15:42:27
12,Ribeira Grande,38.5167,-28.7,64.8,77,20,19.57,PT,2022-02-06 15:39:44
13,Rikitea,-23.1203,-134.9692,78.73,72,100,16.42,PF,2022-02-06 15:42:28
14,Drabiv,49.963,32.1529,31.1,90,97,10.0,UA,2022-02-06 15:42:28
15,Hilo,19.7297,-155.09,68.79,92,100,8.05,US,2022-02-06 15:38:41
16,Isiro,2.7739,27.616,79.27,27,91,2.53,CD,2022-02-06 15:42:29
17,Cabo San Lucas,22.8909,-109.9124,66.51,76,40,3.44,MX,2022-02-06 15:42:29
18,East London,-33.0153,27.9116,74.34,88,20,23.02,ZA,2022-02-06 15:42:29
19,Port-Gentil,-0.7193,8.7815,85.96,70,20,11.5,GA,2022-02-06 15:42:29
20,Ushuaia,-54.8,-68.3,53.26,54,40,3.44,AR,2022-02-06 15:38:42
21,Parfenyevo,58.484,43.4088,-1.23,100,82,3.38,RU,2022-02-06 15:42:30
22,Hermanus,-34.4187,19.2345,84.9,68,8,11.52,ZA,2022-02-06 15:39:04
23,Loandjili,-4.7561,11.8578,84.31,74,20,11.5,CG,2022-02-06 15:42:30
24,Serebryanyy Bor,56.8,124.8,-33.47,100,99,1.12,RU,2022-02-06 15:42:30
25,Wanning,18.8003,110.3967,69.76,89,99,8.7,CN,2022-02-06 15:42:31
26,Nishihara,26.1842,127.7558,58.28,59,100,10.36,JP,2022-02-06 15:42:31
27,Rimouski,48.4488,-68.524,8.28,78,25,6.64,CA,2022-02-06 15:42:31
28,Sao Filipe,14.8961,-24.4956,75.34,67,0,11.12,CV,2022-02-06 15:42:32
29,Busselton,-33.65,115.3333,56.08,69,71,16.55,AU,2022-02-06 15:42:32
30,Clovis,36.8252,-119.7029,57.67,81,20,3.44,US,2022-02-06 15:38:14
31,Ketchikan,55.3422,-131.6461,45.07,93,100,16.11,US,2022-02-06 15:42:32
32,Tuktoyaktuk,69.4541,-133.0374,-20.2,76,75,12.66,CA,2022-02-06 15:42:33
33,Bani Walid,31.7566,13.9942,66.34,22,100,6.38,LY,2022-02-06 15:42:33
34,Cape Town,-33.9258,18.4232,85.12,53,0,17.27,ZA,2022-02-06 15:42:33
35,Itarema,-2.9248,-39.9167,87.03,59,29,13.8,BR,2022-02-06 15:42:33
36,New Norfolk,-42.7826,147.0587,50.76,64,49,1.32,AU,2022-02-06 15:42:34
37,Tasiilaq,65.6145,-37.6368,23.16,63,100,24.63,GL,2022-02-06 15:42:34
38,Punta Arenas,-53.15,-70.9167,64.51,59,75,11.5,CL,2022-02-06 15:42:34
39,Jiayuguan,39.8167,98.3,12.11,96,97,7.47,CN,2022-02-06 15:42:35
40,Sungaipenuh,-2.0833,101.3833,62.69,85,99,0.89,ID,2022-02-06 15:42:35
41,Ambositra,-20.5167,47.25,63.91,93,94,3.8,MG,2022-02-06 15:42:35
42,Bluff,-46.6,168.3333,41.81,78,0,5.39,NZ,2022-02-06 15:42:35
43,Seoul,37.5683,126.9778,26.11,48,0,4.61,KR,2022-02-06 15:42:36
44,Kapaa,22.0752,-159.319,70.12,82,75,4.61,US,2022-02-06 15:38:43
45,Mataura,-46.1927,168.8643,41.49,99,1,2.04,NZ,2022-02-06 15:42:36
46,Lompoc,34.6391,-120.4579,60.78,77,0,5.75,US,2022-02-06 15:42:36
47,Bambous Virieux,-20.3428,57.7575,80.85,78,75,12.66,MU,2022-02-06 15:42:37
48,Mahebourg,-20.4081,57.7,80.89,78,75,12.66,MU,2022-02-06 15:38:43
49,Coihaique,-45.5752,-72.0662,68.61,55,0,4.61,CL,2022-02-06 15:40:02
50,Kununurra,-15.7667,128.7333,75.18,94,75,2.3,AU,2022-02-06 15:43:37
51,Fairbanks,64.8378,-147.7164,1.31,79,100,5.75,US,2022-02-06 15:40:45
52,Kaeo,-35.1,173.7833,74.32,98,100,5.35,NZ,2022-02-06 15:43:37
53,Sao Borja,-28.6606,-56.0044,83.95,32,0,13.89,BR,2022-02-06 15:43:38
54,Minamata,32.2167,130.4,35.13,65,62,5.19,JP,2022-02-06 15:43:38
55,Islamkot,24.6997,70.177,69.24,44,0,11.72,PK,2022-02-06 15:43:38
56,Devarkonda,16.7,78.9333,73.04,56,10,6.87,IN,2022-02-06 15:43:39
57,Antalaha,-14.9003,50.2788,79.43,79,62,3.85,MG,2022-02-06 15:43:39
58,Burnie,-41.0667,145.9167,60.94,77,55,11.32,AU,2022-02-06 15:43:39
59,Nizhnyaya Omka,55.4338,74.9426,7.2,85,100,7.11,RU,2022-02-06 15:43:39
60,Khilok,51.3674,110.4676,10.92,93,100,7.29,RU,2022-02-06 15:43:40
61,Isangel,-19.55,169.2667,82.51,89,100,9.22,VU,2022-02-06 15:43:40
62,Praia Da Vitoria,38.7333,-27.0667,62.76,94,75,18.86,PT,2022-02-06 15:43:40
63,San Luis,-33.295,-66.3356,74.3,19,0,5.46,AR,2022-02-06 15:42:46
64,Salalah,17.0151,54.0924,77.09,78,20,3.44,OM,2022-02-06 15:43:41
65,Chokurdakh,70.6333,147.9167,-38.99,100,98,2.24,RU,2022-02-06 15:39:11
66,Provideniya,64.3833,-173.3,-3.05,79,0,9.04,RU,2022-02-06 15:43:41
67,Grindavik,63.8424,-22.4338,30.15,80,75,12.66,IS,2022-02-06 15:43:41
68,Flin Flon,54.7682,-101.865,-22.16,69,20,0.0,CA,2022-02-06 15:43:42
69,Talnakh,69.4865,88.3972,-26.55,98,55,2.01,RU,2022-02-06 15:43:42
70,Alyangula,-13.8483,136.4192,80.47,89,40,6.91,AU,2022-02-06 15:40:36
71,La Rioja,42.25,-2.5,54.05,48,100,3.62,ES,2022-02-06 15:42:49
72,Carnarvon,-24.8667,113.6333,77.07,69,75,19.57,AU,2022-02-06 15:43:42
73,Hithadhoo,-0.6,73.0833,82.89,70,28,11.34,MV,2022-02-06 15:43:43
74,Faanui,-16.4833,-151.75,80.89,74,95,20.69,PF,2022-02-06 15:43:43
75,Conde,-7.2597,-34.9075,87.26,51,20,9.22,BR,2022-02-06 15:43:43
76,Makakilo City,21.3469,-158.0858,72.28,76,0,4.61,US,2022-02-06 15:43:44
77,Salamanca,40.8333,-6.0,49.78,41,48,9.33,ES,2022-02-06 15:41:21
78,Hobart,-42.8794,147.3294,51.12,81,33,0.0,AU,2022-02-06 15:43:44
79,Birjand,32.8663,59.2211,43.27,42,20,6.91,IR,2022-02-06 15:43:04
80,Huarmey,-10.0681,-78.1522,74.59,73,78,9.44,PE,2022-02-06 15:43:44
81,Ponta Do Sol,32.6667,-17.1,69.12,51,11,11.7,PT,2022-02-06 15:43:45
82,Pangnirtung,66.1451,-65.7125,-33.56,92,94,3.15,CA,2022-02-06 15:43:45
83,Pedasi,7.5333,-80.0333,80.44,70,5,18.01,PA,2022-02-06 15:43:45
84,Torbay,47.6666,-52.7314,18.88,85,75,16.11,CA,2022-02-06 15:43:46
85,Balatonfured,46.9619,17.8719,49.57,52,100,8.01,HU,2022-02-06 15:43:46
86,Bredasdorp,-34.5322,20.0403,79.92,54,31,12.66,ZA,2022-02-06 15:43:46
87,Khatanga,71.9667,102.5,-23.12,99,94,7.45,RU,2022-02-06 15:43:47
88,Alofi,-19.0595,-169.9187,73.29,100,100,1.14,NU,2022-02-06 15:39:31
89,Atuona,-9.8,-139.0333,78.42,75,11,19.8,PF,2022-02-06 15:43:47
90,Saint George,37.1041,-113.5841,43.36,55,0,0.0,US,2022-02-06 15:43:47
91,Calamar,10.2511,-74.9146,85.95,40,0,9.91,CO,2022-02-06 15:43:48
92,Kuryk,43.2,51.65,37.49,63,71,9.95,KZ,2022-02-06 15:43:48
93,Vardo,70.3705,31.1107,25.0,78,67,20.92,NO,2022-02-06 15:40:04
94,Santa Rita Do Sapucai,-22.2522,-45.7033,70.25,94,100,0.4,BR,2022-02-06 15:43:48
95,Avarua,-21.2078,-159.775,73.45,94,92,4.61,CK,2022-02-06 15:44:49
96,Guozhen,34.3659,107.359,29.62,88,94,2.04,CN,2022-02-06 15:44:49
97,Evensk,61.95,159.2333,5.45,59,0,12.06,RU,2022-02-06 15:44:50
98,Tiarei,-17.5333,-149.3333,80.62,75,34,22.86,PF,2022-02-06 15:44:50
99,Praya,14.9215,-23.5087,82.94,34,0,19.57,CV,2022-02-06 15:41:24
100,Leningradskiy,69.3833,178.4167,-22.5,98,16,5.79,RU,2022-02-06 15:44:50
101,Vila Franca Do Campo,37.7167,-25.4333,64.81,84,77,14.61,PT,2022-02-06 15:41:35
102,Mporokoso,-9.3727,30.125,64.42,92,100,2.86,ZM,2022-02-06 15:44:51
103,Nabire,-3.3667,135.4833,76.28,91,100,2.98,ID,2022-02-06 15:44:51
104,Anchorage,61.2181,-149.9003,25.86,89,75,0.0,US,2022-02-06 15:43:13
105,Kula,38.5473,28.6498,39.72,56,3,1.41,TR,2022-02-06 15:44:51
106,Cayambe,0.05,-78.1333,56.46,74,94,2.64,EC,2022-02-06 15:44:52
107,Georgetown,5.4112,100.3354,76.95,98,40,1.99,MY,2022-02-06 15:44:52
108,Selfoss,63.9331,-20.9971,31.08,83,26,8.57,IS,2022-02-06 15:44:52
109,Kodiak,57.79,-152.4072,38.71,70,0,10.36,US,2022-02-06 15:44:53
110,Butaritari,3.0707,172.7902,81.09,78,60,15.3,KI,2022-02-06 15:44:53
111,Castro,-24.7911,-50.0119,76.26,71,81,8.14,BR,2022-02-06 15:44:53
112,Luderitz,-26.6481,15.1594,70.9,72,25,11.72,NA,2022-02-06 15:44:35
113,Acapulco,16.8634,-99.8901,78.62,61,0,6.91,MX,2022-02-06 15:42:30
114,Port Elizabeth,-33.918,25.5701,84.09,83,0,24.16,ZA,2022-02-06 15:44:54
115,Blackwater,-23.5833,148.8833,69.84,66,52,8.1,AU,2022-02-06 15:44:54
116,Codrington,-38.2667,141.9667,61.72,69,0,11.72,AU,2022-02-06 15:44:54
117,Zhigalovo,54.8097,105.1578,11.89,99,100,2.84,RU,2022-02-06 15:44:55
118,Neiafu,-18.65,-173.9833,75.88,88,100,12.66,TO,2022-02-06 15:44:55
119,Vila Velha,-20.3297,-40.2925,87.75,74,40,11.01,BR,2022-02-06 15:44:55
120,Chuy,-33.6971,-53.4616,71.85,56,71,14.85,UY,2022-02-06 15:44:56
121,Gua Musang,4.8823,101.9644,72.27,99,100,1.74,MY,2022-02-06 15:44:56
122,Doha,25.2867,51.5333,64.71,52,0,13.8,QA,2022-02-06 15:44:56
123,Plettenberg Bay,-34.0527,23.3716,78.96,61,76,2.44,ZA,2022-02-06 15:44:56
124,Sitka,57.0531,-135.33,44.49,81,100,21.85,US,2022-02-06 15:40:39
125,Huangnihe,43.5583,128.0239,-0.26,88,28,5.95,CN,2022-02-06 15:44:57
126,Tambo,-14.8,-73.9167,47.14,57,95,8.34,PE,2022-02-06 15:44:57
127,Olafsvik,64.8945,-23.7142,28.83,70,80,14.38,IS,2022-02-06 15:44:57
128,Matadi,-5.8167,13.45,90.3,54,45,4.92,CD,2022-02-06 15:44:58
129,Wodonga,-36.1167,146.8833,62.96,88,0,0.0,AU,2022-02-06 15:44:58
130,Vostok,46.4856,135.8833,-12.12,99,80,4.43,RU,2022-02-06 15:44:59
131,Northam,51.0333,-4.2167,53.35,92,98,28.79,GB,2022-02-06 15:44:59
132,Miguel Hidalgo,19.4225,-99.2028,61.43,54,0,1.01,MX,2022-02-06 15:43:00
133,Puerto Baquerizo Moreno,-0.9,-89.6,77.99,83,40,13.8,EC,2022-02-06 15:44:59
134,Sinazongwe,-17.2614,27.4618,73.02,82,85,7.16,ZM,2022-02-06 15:45:00
135,Bombay,19.0144,72.8479,76.98,73,5,5.75,IN,2022-02-06 15:40:05
136,Langsa,4.4683,97.9683,75.67,89,100,2.39,ID,2022-02-06 15:45:00
137,Nikolskoye,59.7035,30.7861,34.88,92,100,11.92,RU,2022-02-06 15:45:00
138,Saskylakh,71.9167,114.0833,-26.09,100,97,1.45,RU,2022-02-06 15:45:00
139,Jumla,29.2747,82.1838,33.98,68,21,5.61,NP,2022-02-06 15:45:01
140,Hondo,32.45,130.2,38.95,55,48,5.17,JP,2022-02-06 15:46:01
141,Daura,11.5538,11.4085,86.86,14,0,11.88,NG,2022-02-06 15:46:02
142,Cidreira,-30.1811,-50.2056,80.67,54,23,12.39,BR,2022-02-06 15:46:02
143,Nouadhibou,20.931,-17.0347,73.38,68,5,11.5,MR,2022-02-06 15:42:16
144,Tocopilla,-22.092,-70.1979,73.51,66,2,6.44,CL,2022-02-06 15:45:17
145,Moree,-29.4667,149.85,64.42,63,4,10.36,AU,2022-02-06 15:46:03
146,Fortuna,40.5982,-124.1573,38.32,93,0,8.05,US,2022-02-06 15:46:03
147,Antoniny,49.8097,26.8771,32.27,97,100,12.37,UA,2022-02-06 15:46:04
148,Narsaq,60.9167,-46.05,7.02,56,100,2.48,GL,2022-02-06 15:46:04
149,Kahului,20.8947,-156.47,72.84,80,0,11.5,US,2022-02-06 15:46:04
150,Fallon,39.4735,-118.7774,37.65,44,1,1.23,US,2022-02-06 15:46:05
151,San Cristobal,7.7669,-72.225,68.18,64,91,4.14,VE,2022-02-06 15:46:05
152,Puerto Ayacucho,5.6639,-67.6236,87.58,38,29,0.83,VE,2022-02-06 15:46:05
153,Aguimes,27.9054,-15.4461,68.63,68,20,23.02,ES,2022-02-06 15:46:06
154,Maningrida,-12.0667,134.2667,77.59,80,67,1.21,AU,2022-02-06 15:46:06
155,Dikson,73.5069,80.5464,-22.74,99,70,8.37,RU,2022-02-06 15:46:06
156,Contamana,-7.3333,-75.0167,89.11,58,100,2.89,PE,2022-02-06 15:46:07
157,Bethel,41.3712,-73.414,23.65,57,0,3.44,US,2022-02-06 15:44:23
158,Broome,42.2506,-75.833,22.08,66,20,3.0,US,2022-02-06 15:46:07
159,Kathu,7.9178,98.3332,80.42,77,54,13.13,TH,2022-02-06 15:45:15
160,Zeya,53.75,127.2667,-5.33,95,93,3.09,RU,2022-02-06 15:46:07
161,Lagoa,39.05,-27.9833,60.39,80,0,9.95,PT,2022-02-06 15:46:08
162,Kyenjojo,0.6328,30.6214,76.86,33,88,4.27,UG,2022-02-06 15:46:08
163,Tatarsk,55.219,75.9828,8.76,80,95,8.14,RU,2022-02-06 15:46:08
164,Yulara,-25.2406,130.9889,75.04,31,0,8.05,AU,2022-02-06 15:46:09
165,Navolato,24.7672,-107.6944,51.98,50,0,3.85,MX,2022-02-06 15:46:09
166,Launceston,-41.45,147.1667,56.84,76,100,3.44,AU,2022-02-06 15:46:09
167,Nouakchott,18.0858,-15.9785,89.53,40,0,12.37,MR,2022-02-06 15:46:10
168,Tukan,53.8409,57.4552,12.88,97,100,2.95,RU,2022-02-06 15:46:10
169,Tyumentsevo,53.3224,81.498,1.45,98,36,3.94,RU,2022-02-06 15:46:10
170,Souillac,-20.5167,57.5167,80.98,78,75,12.66,MU,2022-02-06 15:46:11
171,Qaanaaq,77.484,-69.3632,-12.8,62,73,8.34,GL,2022-02-06 15:46:11
172,Adrar,20.5022,-10.0711,84.31,6,0,9.4,MR,2022-02-06 15:46:11
173,Zhezkazgan,47.8043,67.7144,25.61,97,100,14.36,KZ,2022-02-06 15:46:12
174,Santo Antonio Do Ica,-3.1022,-67.9397,80.04,86,92,3.04,BR,2022-02-06 15:46:12
175,Victoria,22.2855,114.1577,62.65,83,100,7.0,HK,2022-02-06 15:44:13
176,Deer Lake,49.1667,-57.4316,10.26,79,75,6.91,CA,2022-02-06 15:46:12
177,Dingle,10.9995,122.6711,75.31,87,42,8.88,PH,2022-02-06 15:46:13
178,Charters Towers,-20.1,146.2667,70.38,76,1,10.63,AU,2022-02-06 15:46:13
179,Lasa,46.6166,10.7002,41.88,79,93,3.51,IT,2022-02-06 15:46:13
180,Ust-Koksa,50.2696,85.6108,-1.23,77,5,1.32,RU,2022-02-06 15:46:14
181,Chipinge,-20.1883,32.6236,65.25,92,65,4.18,ZW,2022-02-06 15:46:14
182,Kushiro,42.975,144.3747,18.01,76,67,6.15,JP,2022-02-06 15:47:14
183,Manoel Urbano,-8.8389,-69.2597,84.43,71,93,4.12,BR,2022-02-06 15:47:15
184,Jalu,29.0331,21.5482,65.12,23,4,3.06,LY,2022-02-06 15:47:15
185,Opuwo,-18.0607,13.84,80.65,28,99,5.82,NA,2022-02-06 15:47:15
186,Japura,-0.3167,102.35,71.91,97,100,2.44,ID,2022-02-06 15:47:15
187,Toora-Khem,52.4675,96.11,-10.82,99,58,0.54,RU,2022-02-06 15:47:16
188,Vega De Alatorre,20.0333,-96.6333,58.96,71,9,4.0,MX,2022-02-06 15:47:16
189,Atbasar,51.8,68.3333,8.44,87,78,10.31,KZ,2022-02-06 15:47:16
190,Rosarito,32.3333,-117.0333,56.25,28,2,5.28,MX,2022-02-06 15:47:17
191,Hambantota,6.1241,81.1185,80.94,89,40,3.44,LK,2022-02-06 15:47:17
192,Thunder Bay,48.4001,-89.3168,13.55,78,100,5.75,CA,2022-02-06 15:47:17
193,Miyakonojo,31.7333,131.0667,33.44,69,16,2.26,JP,2022-02-06 15:47:18
194,Mango,27.9797,-82.3065,61.86,93,100,5.75,US,2022-02-06 15:47:18
195,Pavino,59.1139,46.1414,10.51,99,95,2.68,RU,2022-02-06 15:47:18
196,Cherskiy,68.75,161.3,-30.37,100,37,1.45,RU,2022-02-06 15:47:19
197,Togur,58.3631,82.8265,16.84,88,100,6.96,RU,2022-02-06 15:47:19
198,Tadine,-21.55,167.8833,79.32,85,68,6.98,NC,2022-02-06 15:47:19
199,Saint-Philippe,-21.3585,55.7679,80.19,80,99,16.64,RE,2022-02-06 15:47:20
200,Beroroha,-21.6667,45.1667,75.56,87,100,14.09,MG,2022-02-06 15:47:20
201,Airai,-8.9266,125.4092,61.97,93,73,1.23,TL,2022-02-06 15:45:41
202,Puerto Ayora,-0.7393,-90.3518,80.56,87,70,3.0,EC,2022-02-06 15:47:20
203,Fort Thomas,39.0751,-84.4472,31.78,77,0,1.01,US,2022-02-06 15:47:21
204,Puerto Carreno,6.189,-67.4859,87.78,51,0,4.61,CO,2022-02-06 15:47:21
205,Myitkyina,25.3833,97.4,53.8,85,1,3.42,MM,2022-02-06 15:47:21
206,Salym,60.0625,71.4789,16.2,93,99,6.49,RU,2022-02-06 15:47:22
207,Sakakah,29.9697,40.2064,56.77,45,6,8.61,SA,2022-02-06 15:47:22
208,Ranot,7.7777,100.3213,79.86,77,80,7.56,TH,2022-02-06 15:47:22
209,Prieska,-29.6641,22.7474,87.76,27,86,8.03,ZA,2022-02-06 15:47:23
210,Virginia Beach,36.8529,-75.978,38.01,73,75,3.0,US,2022-02-06 15:46:50
211,Albany,42.6001,-73.9662,20.82,56,17,3.0,US,2022-02-06 15:45:09
212,Wajir,1.7471,40.0573,94.96,29,75,0.0,KE,2022-02-06 15:47:23
213,Taoudenni,22.6783,-3.9836,82.04,7,100,7.74,ML,2022-02-06 15:47:24
214,Qovlar,40.948,45.735,38.25,34,82,1.43,AZ,2022-02-06 15:47:24
215,Paamiut,61.994,-49.6678,4.69,75,100,8.34,GL,2022-02-06 15:47:24
216,Upernavik,72.7868,-56.1549,-6.72,93,100,4.76,GL,2022-02-06 15:47:25
217,Erzin,36.9559,36.2,54.12,80,65,1.59,TR,2022-02-06 15:47:25
218,Faya,18.3851,42.4509,57.31,67,5,5.59,SA,2022-02-06 15:47:25
219,Cardston,49.2,-113.3019,39.29,45,100,17.27,CA,2022-02-06 15:47:25
220,Port Alfred,-33.5906,26.891,77.52,78,0,31.41,ZA,2022-02-06 15:47:26
221,Kondinskoye,59.6481,67.41,13.86,96,100,9.35,RU,2022-02-06 15:47:26
222,Brae,60.3964,-1.353,35.51,65,100,27.56,GB,2022-02-06 15:47:26
223,Monrovia,6.3005,-10.7969,83.97,65,49,13.85,LR,2022-02-06 15:45:49
224,Mitsamiouli,-11.3847,43.2844,84.49,79,20,5.75,KM,2022-02-06 15:47:27
225,Acarau,-2.8856,-40.12,85.91,62,40,14.61,BR,2022-02-06 15:47:27
226,Clyde River,70.4692,-68.5914,-34.37,67,0,6.91,CA,2022-02-06 15:47:27
227,Severo-Kurilsk,50.6789,156.125,30.11,85,100,12.35,RU,2022-02-06 15:48:28
228,Caravelas,-17.7125,-39.2481,87.06,54,0,10.25,BR,2022-02-06 15:48:28
229,Balakhninskiy,58.0106,114.2769,0.27,100,100,0.25,RU,2022-02-06 15:48:28
230,Zhigansk,66.7697,123.3711,-28.41,99,99,6.51,RU,2022-02-06 15:48:29
231,Bengkulu,-3.8004,102.2655,77.0,83,98,7.43,ID,2022-02-06 15:48:29
232,Kalangala,-0.3089,32.225,78.15,62,92,10.33,UG,2022-02-06 15:48:29
233,Fort-Shevchenko,44.5086,50.263,35.11,62,94,14.27,KZ,2022-02-06 15:48:30
234,Goderich,43.7501,-81.7165,23.92,79,100,21.85,CA,2022-02-06 15:45:23
235,Agudos,-22.4692,-48.9875,80.85,72,75,9.22,BR,2022-02-06 15:48:30
236,Concepcion Del Uruguay,-32.4825,-58.2372,72.82,49,0,8.01,AR,2022-02-06 15:48:31
237,Mar Del Plata,-38.0023,-57.5575,68.09,100,75,4.0,AR,2022-02-06 15:44:31
238,Port Blair,11.6667,92.75,80.64,83,20,5.75,IN,2022-02-06 15:48:31
239,Honiara,-9.4333,159.95,78.91,89,99,0.94,SB,2022-02-06 15:48:31
240,Kaspiyskiy,45.3929,47.3707,33.35,62,100,6.6,RU,2022-02-06 15:48:32
241,Constitucion,-35.3333,-72.4167,73.13,51,2,6.04,CL,2022-02-06 15:46:28
242,Fort Nelson,58.8053,-122.7002,8.19,85,20,6.91,CA,2022-02-06 15:45:23
243,Sinnamary,5.3833,-52.95,82.26,74,89,8.77,GF,2022-02-06 15:48:32
244,Waipawa,-41.4122,175.5153,56.44,80,100,10.6,NZ,2022-02-06 15:48:32
245,Sambava,-14.2667,50.1667,79.75,80,27,9.55,MG,2022-02-06 15:48:33
246,Geraldton,-28.7667,114.6,69.13,49,75,16.11,AU,2022-02-06 15:48:33
247,Bardiyah,31.7561,25.0865,61.57,51,0,9.37,LY,2022-02-06 15:48:33
248,Tiksi,71.6872,128.8694,-17.59,99,100,3.33,RU,2022-02-06 15:48:33
249,Lazaro Cardenas,17.9583,-102.2,80.74,45,4,1.3,MX,2022-02-06 15:45:44
250,Carauari,-4.8828,-66.8958,76.64,89,98,1.14,BR,2022-02-06 15:48:34
251,Akita,39.7167,140.1167,29.12,78,100,13.67,JP,2022-02-06 15:45:48
252,Komsomolskiy,40.4272,71.7189,41.72,81,75,9.22,UZ,2022-02-06 15:48:34
253,The Valley,18.217,-63.0578,76.86,88,75,14.97,AI,2022-02-06 15:48:34
254,Casablanca,33.5928,-7.6192,66.42,72,0,11.01,MA,2022-02-06 15:45:48
255,Padang,-0.9492,100.3543,78.51,74,100,1.79,ID,2022-02-06 15:48:35
256,Oksfjord,70.2396,22.3479,32.18,83,24,14.27,NO,2022-02-06 15:48:35
257,Noumea,-22.2763,166.4572,76.98,90,100,3.51,NC,2022-02-06 15:48:36
258,Morant Bay,17.8815,-76.4093,82.02,54,6,9.13,JM,2022-02-06 15:48:36
259,Rapina,58.0981,27.4636,34.09,96,100,13.44,EE,2022-02-06 15:48:36
260,Hohhot,40.8106,111.6522,12.49,44,0,6.71,CN,2022-02-06 15:48:36
261,Shingu,33.7333,135.9833,39.9,70,6,6.69,JP,2022-02-06 15:48:37
262,Oktyabrskiy,54.4815,53.471,10.15,99,100,1.41,RU,2022-02-06 15:48:37
263,San Patricio,28.017,-97.5169,53.89,70,0,5.37,US,2022-02-06 15:48:37
264,Straumen,63.8709,11.2999,35.6,87,100,13.22,NO,2022-02-06 15:48:38
265,Daru,-9.0763,143.2092,79.47,84,99,4.54,PG,2022-02-06 15:48:38
266,Lebu,-37.6167,-73.65,66.99,60,0,13.76,CL,2022-02-06 15:46:03
267,San Rafael,-34.6177,-68.3301,74.03,35,0,10.11,AR,2022-02-06 15:48:38
268,Huicungo,-7.2833,-76.8,77.18,90,99,2.15,PE,2022-02-06 15:48:39
269,Parrita,9.5201,-84.3225,88.99,46,0,5.66,CR,2022-02-06 15:48:39
270,Sucha Beskidzka,49.7419,19.5943,41.02,79,93,14.29,PL,2022-02-06 15:48:39
271,Leh,34.1667,77.5833,10.22,84,82,1.81,IN,2022-02-06 15:48:39
272,Aden,12.7794,45.0367,78.28,67,90,7.54,YE,2022-02-06 15:47:04
273,Bartica,6.4,-58.6167,82.72,85,88,3.98,GY,2022-02-06 15:48:40
274,Ahipara,-35.1667,173.1667,72.14,98,100,8.43,NZ,2022-02-06 15:48:40
275,Kysyl-Syr,63.8986,122.7617,-23.26,100,96,6.17,RU,2022-02-06 15:49:40
276,Port Keats,-14.25,129.55,78.84,84,91,1.61,AU,2022-02-06 15:49:41
277,Ilulissat,69.2167,-51.1,-0.38,46,100,3.44,GL,2022-02-06 15:49:41
278,Korem,12.5058,39.5228,54.32,81,37,6.93,ET,2022-02-06 15:49:41
279,Norman Wells,65.282,-126.8329,-16.56,69,75,4.61,CA,2022-02-06 15:46:17
280,Baykit,61.67,96.37,-7.96,100,93,2.71,RU,2022-02-06 15:48:10
281,Aracati,-4.5617,-37.7697,89.42,50,74,12.3,BR,2022-02-06 15:49:42
282,Port Lincoln,-34.7333,135.8667,70.23,71,1,12.39,AU,2022-02-06 15:49:42
283,Saint Paul,44.9444,-93.0933,24.8,87,100,1.99,US,2022-02-06 15:48:42
284,Taltal,-25.4,-70.4833,71.37,67,2,6.38,CL,2022-02-06 15:49:43
285,Stavern,59.0,10.0333,38.3,65,19,19.64,NO,2022-02-06 15:49:43
286,Manaure,11.7751,-72.4445,84.31,56,2,9.24,CO,2022-02-06 15:49:43
287,Pacific Grove,36.6177,-121.9166,53.62,70,0,3.44,US,2022-02-06 15:47:12
288,Kualakapuas,-3.0091,114.3876,75.36,96,100,2.35,ID,2022-02-06 15:49:44
289,Mapiri,-15.25,-68.1667,67.5,100,100,0.16,BO,2022-02-06 15:49:44
290,Kiama,-34.6833,150.8667,64.99,86,60,1.01,AU,2022-02-06 15:49:44
291,Poplar Bluff,36.757,-90.3929,33.62,86,0,5.59,US,2022-02-06 15:49:45
292,Tobol,52.6844,62.5794,3.85,92,59,6.98,KZ,2022-02-06 15:47:53
293,Husavik,66.0449,-17.3389,26.51,89,100,13.89,IS,2022-02-06 15:49:45
294,Naryan-Mar,67.6713,53.087,8.62,84,81,16.42,RU,2022-02-06 15:49:45
295,Galle,6.0367,80.217,77.83,82,73,3.67,LK,2022-02-06 15:49:45
296,Honningsvag,70.9821,25.9704,29.95,69,40,25.32,NO,2022-02-06 15:45:50
297,Haines Junction,60.7522,-137.5108,33.75,75,94,9.22,CA,2022-02-06 15:49:46
298,Klaksvik,62.2266,-6.589,36.52,61,85,36.73,FO,2022-02-06 15:48:01
299,Pathankot,32.2833,75.65,53.65,76,99,2.15,IN,2022-02-06 15:49:46
300,Manicore,-5.8092,-61.3003,90.3,55,65,1.9,BR,2022-02-06 15:49:47
301,Saint-Joseph,-21.3667,55.6167,79.18,77,100,12.5,RE,2022-02-06 15:49:47
302,Miyako,39.6367,141.9525,25.66,61,20,9.95,JP,2022-02-06 15:49:47
303,Dunedin,-45.8742,170.5036,49.8,83,28,4.76,NZ,2022-02-06 15:49:48
304,Parabel,58.6978,81.4825,14.88,92,100,6.15,RU,2022-02-06 15:49:48
305,Portland,45.5234,-122.6762,42.8,91,100,10.0,US,2022-02-06 15:49:44
306,Tual,-5.6667,132.75,83.23,75,100,7.29,ID,2022-02-06 15:49:49
307,Marawi,7.9986,124.2928,68.65,91,72,2.91,PH,2022-02-06 15:49:49
308,San Andres,12.5847,-81.7006,82.42,61,20,10.36,CO,2022-02-06 15:49:49
309,Narvacan,17.4175,120.4753,72.45,77,33,6.6,PH,2022-02-06 15:49:50
310,Madison,34.7334,-86.5667,44.51,55,0,3.0,US,2022-02-06 15:49:50
311,Pafos,34.7667,32.4167,56.98,88,75,6.91,CY,2022-02-06 15:45:42
312,Longyearbyen,78.2186,15.6401,19.24,68,40,17.27,SJ,2022-02-06 15:46:42
313,Suruc,36.9761,38.425,43.0,59,100,4.09,TR,2022-02-06 15:49:51
314,Touros,-5.1989,-35.4608,90.5,52,17,12.66,BR,2022-02-06 15:49:51
315,Kungurtug,50.5994,97.5228,-9.6,97,35,1.81,RU,2022-02-06 15:49:51
316,General Bravo,25.8,-99.1667,48.74,47,40,4.47,MX,2022-02-06 15:49:51
317,Kaitangata,-46.2817,169.8464,44.92,78,2,2.75,NZ,2022-02-06 15:49:52
318,Outjo,-20.1167,16.15,72.91,67,98,2.06,NA,2022-02-06 15:49:52
319,Tacna,-18.0056,-70.2483,68.2,60,40,6.91,PE,2022-02-06 15:49:52
320,Farafangana,-22.8167,47.8333,78.64,92,100,19.48,MG,2022-02-06 15:50:53
321,Kiruna,67.8557,20.2251,20.32,93,100,5.75,SE,2022-02-06 15:46:49
322,Sosnovo-Ozerskoye,52.5249,111.5418,6.19,95,100,7.96,RU,2022-02-06 15:50:53
323,Pevek,69.7008,170.3133,-24.48,99,29,1.32,RU,2022-02-06 15:50:54
324,Vanimo,-2.6741,141.3028,78.42,86,87,4.63,PG,2022-02-06 15:47:13
325,Novikovo,51.1537,37.8879,30.31,94,100,10.25,RU,2022-02-06 15:50:54
326,Vila,42.0304,-8.1588,51.33,49,42,5.44,PT,2022-02-06 15:50:55
327,West Bay,19.3667,-81.4167,83.07,67,20,1.99,KY,2022-02-06 15:50:55
328,Khairagarh,26.95,77.8167,57.31,53,0,5.68,IN,2022-02-06 15:50:55
329,Lircay,-12.9896,-74.7205,50.54,88,99,7.78,PE,2022-02-06 15:50:56
330,Tukrah,32.5341,20.5791,60.06,65,15,8.16,LY,2022-02-06 15:50:56
331,Owo,7.1962,5.5868,96.55,10,1,4.25,NG,2022-02-06 15:50:56
332,Gat,31.61,34.7642,56.39,100,46,5.99,IL,2022-02-06 15:50:04
333,Caceres,39.522,-6.3748,59.81,48,30,7.56,ES,2022-02-06 15:50:57
334,Nanortalik,60.1432,-45.2371,13.91,63,100,15.84,GL,2022-02-06 15:50:57
335,Nargana,9.4428,-78.5906,81.75,68,60,14.0,PA,2022-02-06 15:50:57
336,Mabaruma,8.2,-59.7833,82.4,78,40,6.91,GY,2022-02-06 15:50:58
337,Diffa,13.3154,12.6113,78.46,11,0,14.88,NE,2022-02-06 15:50:58
338,Imbituba,-28.24,-48.6703,84.09,74,24,14.03,BR,2022-02-06 15:50:58
339,Enid,36.3956,-97.8784,40.14,78,0,5.99,US,2022-02-06 15:48:35
340,Boende,-0.2167,20.8667,91.69,32,86,0.31,CD,2022-02-06 15:50:59
341,Urengoy,65.9667,78.3667,-23.1,100,50,5.44,RU,2022-02-06 15:50:59
342,North Platte,41.1239,-100.7654,35.26,69,100,8.99,US,2022-02-06 15:50:59
343,Auka,14.9333,-83.8333,80.49,66,12,6.04,HN,2022-02-06 15:51:00
344,Bonnyville,54.2668,-110.735,30.83,99,100,12.62,CA,2022-02-06 15:51:00
345,Camacha,33.0833,-16.3333,62.53,67,75,16.11,PT,2022-02-06 15:51:00
346,Aklavik,68.2191,-135.0107,-14.8,76,40,16.11,CA,2022-02-06 15:51:00
347,Maragogi,-9.0122,-35.2225,85.66,58,97,12.06,BR,2022-02-06 15:51:01
348,Hit,33.6416,42.8251,57.34,43,40,5.99,IQ,2022-02-06 15:51:01
349,Tahta,26.7693,31.5021,61.99,33,0,10.56,EG,2022-02-06 15:51:02
350,Tuatapere,-46.1333,167.6833,41.83,91,3,4.03,NZ,2022-02-06 15:51:02
351,San Narciso,15.0143,120.0803,77.0,76,17,10.25,PH,2022-02-06 15:51:02
352,Papetoai,-17.4961,-149.8729,80.19,73,28,21.85,PF,2022-02-06 15:51:03
353,Sulphur Springs,33.1385,-95.6011,43.11,60,0,9.22,US,2022-02-06 15:46:53
354,Hemsedal,60.8629,8.5534,24.22,87,76,7.76,NO,2022-02-06 15:51:03
355,Mookane,-23.688,26.6595,85.01,31,27,11.21,BW,2022-02-06 15:51:03
356,Lixourion,38.2019,20.4314,58.86,80,100,0.4,GR,2022-02-06 15:51:04
357,Allapalli,19.4167,80.0667,66.33,24,7,0.67,IN,2022-02-06 15:51:04
358,Itarsi,22.6167,77.75,65.39,23,8,1.86,IN,2022-02-06 15:51:04
359,Kamloops,50.6665,-120.3192,31.59,94,100,3.44,CA,2022-02-06 15:51:04
360,Kavaratti,10.5669,72.642,78.53,66,44,8.59,IN,2022-02-06 15:51:05
361,Sabang,5.8933,95.3214,80.35,81,100,15.55,ID,2022-02-06 15:51:05
362,Bragadiru,44.3711,25.9775,48.0,40,0,10.36,RO,2022-02-06 15:51:05
363,Ostrovnoy,68.0531,39.5131,15.49,84,100,22.19,RU,2022-02-06 15:51:06
364,Domoni,-12.2569,44.5319,80.98,80,99,6.85,KM,2022-02-06 15:51:06
365,Perigueux,45.1833,0.7167,49.41,87,100,11.12,FR,2022-02-06 15:51:06
366,Kuloy,61.0305,42.4925,8.46,97,77,4.92,RU,2022-02-06 15:51:06
367,Nicoya,10.1483,-85.452,83.75,41,5,10.54,CR,2022-02-06 15:52:01
368,Pangai,-19.8,-174.35,78.13,83,100,23.94,TO,2022-02-06 15:52:07
369,Uaua,-9.8414,-39.4817,92.53,27,97,4.38,BR,2022-02-06 15:52:07
370,Vestmanna,62.1564,-7.1664,34.72,69,75,29.93,FO,2022-02-06 15:52:07
371,Port Augusta,-32.5,137.7667,77.14,26,51,9.93,AU,2022-02-06 15:52:08
372,Puerto Del Rosario,28.5004,-13.8627,69.55,78,1,17.27,ES,2022-02-06 15:52:08
373,Baghdad,33.3406,44.4009,57.11,35,0,8.05,IQ,2022-02-06 15:49:28
374,Iqaluit,63.7506,-68.5145,-34.31,65,20,1.99,CA,2022-02-06 15:52:09
375,Pisco,-13.7,-76.2167,69.85,83,99,9.22,PE,2022-02-06 15:52:09
376,Severnyy,50.677,36.5532,32.04,86,75,6.71,RU,2022-02-06 15:48:11
377,Xiongzhou,25.1167,114.3,50.49,92,100,2.13,CN,2022-02-06 15:52:09
378,Tezu,27.9167,96.1667,54.3,94,66,3.51,IN,2022-02-06 15:52:10
379,Moyale,3.5167,39.0584,79.97,16,99,5.5,KE,2022-02-06 15:52:10
380,Henties Bay,-22.116,14.2845,72.86,79,79,8.37,NA,2022-02-06 15:52:10
381,Ozernovskiy,51.5,156.5167,26.2,75,100,8.88,RU,2022-02-06 15:52:10
382,Hirara,24.8,125.2833,64.09,66,92,16.35,JP,2022-02-06 15:52:11
383,Chalus,36.655,51.4204,42.26,87,20,4.61,IR,2022-02-06 15:52:11
384,Norrtalje,59.758,18.705,37.33,82,20,9.28,SE,2022-02-06 15:52:11
385,Ishigaki,24.3448,124.1572,65.59,66,99,16.46,JP,2022-02-06 15:52:12
386,Sikar,27.6167,75.15,61.21,35,0,6.46,IN,2022-02-06 15:52:12
387,Baherden,38.4362,57.4316,41.9,57,72,2.1,TM,2022-02-06 15:51:55
388,Myre,69.1036,15.9492,33.71,65,93,14.81,NO,2022-02-06 15:52:12
389,Thompson,55.7435,-97.8558,-38.04,67,20,0.0,CA,2022-02-06 15:52:13
390,Ancud,-41.8697,-73.8203,74.23,67,9,6.31,CL,2022-02-06 15:52:13
391,Waverly,42.7392,-84.6208,26.02,66,100,12.66,US,2022-02-06 15:52:13
392,Nizwa,22.9333,57.5333,71.67,43,1,5.32,OM,2022-02-06 15:52:14
393,Kirkland Lake,48.1446,-80.0377,13.03,79,100,11.1,CA,2022-02-06 15:52:14
394,Chadiza,-14.0678,32.4392,66.9,92,91,0.85,ZM,2022-02-06 15:52:14
395,Vao,-22.6667,167.4833,79.66,85,90,2.17,NC,2022-02-06 15:51:27
396,Beloha,-25.1667,45.05,74.86,92,100,21.7,MG,2022-02-06 15:52:15
397,Jyvaskyla,62.2415,25.7209,32.36,95,100,10.36,FI,2022-02-06 15:52:15
398,Pangody,65.85,74.4859,-20.99,100,64,1.72,RU,2022-02-06 15:52:15
399,Benguela,-12.5763,13.4055,80.33,60,70,9.01,AO,2022-02-06 15:52:16
400,Townsville,-19.25,146.8,74.28,78,100,6.91,AU,2022-02-06 15:48:55
401,Deputatskiy,69.3,139.9,-33.11,99,82,4.29,RU,2022-02-06 15:52:16
402,Darasun,51.6667,114.0,7.34,100,97,2.95,RU,2022-02-06 15:52:16
403,Vilhena,-12.7406,-60.1458,84.42,61,40,6.91,BR,2022-02-06 15:52:17
404,Sikonge,-5.6333,32.7667,70.41,80,100,4.56,TZ,2022-02-06 15:52:17
405,Fergus Falls,46.283,-96.0776,8.06,80,100,13.8,US,2022-02-06 15:52:17
406,Saint-Francois,46.4154,3.9054,47.64,72,100,13.8,FR,2022-02-06 15:52:01
407,Minsk,53.9,27.5667,31.75,97,100,16.31,BY,2022-02-06 15:52:18
408,Caraballeda,10.6112,-66.8522,86.07,63,20,2.3,VE,2022-02-06 15:52:18
409,Shimoda,34.6667,138.95,35.1,73,71,7.7,JP,2022-02-06 15:52:18
410,San Quintin,30.4833,-115.95,58.57,34,1,0.98,MX,2022-02-06 15:48:36
411,Marovoay,-16.1,46.6333,84.34,87,39,6.91,MG,2022-02-06 15:53:19
412,Mackay,-21.15,149.2,78.78,69,75,20.71,AU,2022-02-06 15:53:19
413,Kosa,59.9445,54.9977,19.65,85,100,9.17,RU,2022-02-06 15:53:19
414,Yumen,40.2833,97.2,14.31,77,7,15.5,CN,2022-02-06 15:53:20
415,Urusha,54.05,122.9,-12.21,96,21,2.91,RU,2022-02-06 15:53:20
416,Katete,-0.7818,29.7544,75.42,42,99,0.98,UG,2022-02-06 15:53:20
417,Sept-Iles,50.2001,-66.3821,4.05,49,20,5.99,CA,2022-02-06 15:50:55
418,Concordia,-31.393,-58.0209,71.67,49,75,16.11,AR,2022-02-06 15:51:01
419,Ciudad Bolivar,8.1222,-63.5497,91.67,42,37,9.37,VE,2022-02-06 15:53:21
420,Batemans Bay,-35.7167,150.1833,64.09,88,96,7.7,AU,2022-02-06 15:53:21
421,Oriximina,-1.7656,-55.8661,83.14,75,90,3.56,BR,2022-02-06 15:53:22
422,Berlevag,70.8578,29.0864,22.8,85,70,23.67,NO,2022-02-06 15:52:37
423,Dabou,5.3256,-4.3769,84.0,68,46,10.13,CI,2022-02-06 15:53:22
424,Namibe,-15.1961,12.1522,79.43,57,40,20.71,AO,2022-02-06 15:53:19
425,Mahuva,21.0914,71.7622,69.8,58,6,10.02,IN,2022-02-06 15:53:23
426,Sire,12.9299,5.2043,89.76,9,0,11.12,NG,2022-02-06 15:53:23
427,Great Bend,38.3645,-98.7648,41.88,61,0,20.71,US,2022-02-06 15:53:23
428,Flinders,-34.5833,150.8552,64.8,84,59,8.99,AU,2022-02-06 15:51:02
429,Camargo,27.6667,-105.1667,50.32,34,6,0.49,MX,2022-02-06 15:53:24
430,Whitehorse,60.7161,-135.0538,30.97,86,20,14.97,CA,2022-02-06 15:53:24
431,Lefka,35.1106,32.8506,57.15,86,94,4.34,CY,2022-02-06 15:53:24
432,Djenne,13.9061,-4.5533,91.11,6,0,5.88,ML,2022-02-06 15:53:25
433,Vyartsilya,62.1764,30.693,26.76,93,100,13.09,RU,2022-02-06 15:53:25
434,San Policarpo,12.1791,125.5072,78.98,80,16,16.49,PH,2022-02-06 15:52:39
435,Dzaoudzi,-12.7887,45.2699,84.09,79,20,17.27,YT,2022-02-06 15:53:25
436,Menongue,-14.6585,17.691,66.52,80,100,6.17,AO,2022-02-06 15:53:08
437,Nyurba,63.2842,118.3319,-3.6,98,100,5.14,RU,2022-02-06 15:53:26
438,Arlit,18.7369,7.3853,83.16,5,0,6.26,NE,2022-02-06 15:53:26
439,Cap Malheureux,-19.9842,57.6142,81.09,80,72,5.01,MU,2022-02-06 15:53:26
440,Cayenne,4.9333,-52.3333,83.08,81,100,5.01,GF,2022-02-06 15:52:21
441,Dryden,49.7833,-92.7503,-0.11,78,75,5.75,CA,2022-02-06 15:53:27
442,Ngunguru,-35.6167,174.5,74.16,99,100,7.2,NZ,2022-02-06 15:53:27
443,Luanda,-8.8368,13.2343,86.0,62,20,11.5,AO,2022-02-06 15:52:01
444,Semnan,35.5729,53.3971,41.88,50,93,2.57,IR,2022-02-06 15:53:27
445,Vandalur,12.8928,80.0808,80.76,78,20,4.61,IN,2022-02-06 15:53:28
446,Yuanping,38.7153,112.7575,27.43,26,100,0.36,CN,2022-02-06 15:53:28
447,Ottawa,45.4112,-75.6981,15.53,66,75,1.01,CA,2022-02-06 15:49:20
448,Songjianghe,42.1859,127.479,0.66,96,43,4.92,CN,2022-02-06 15:53:28
449,Gisborne,-38.6533,178.0042,65.95,97,100,10.31,NZ,2022-02-06 15:53:29
450,Beyneu,45.3167,55.2,28.85,75,81,8.77,KZ,2022-02-06 15:53:29
451,Camacupa,-12.0167,17.4833,70.93,60,87,5.73,AO,2022-02-06 15:53:29
452,Arenapolis,-14.4503,-56.8461,84.61,73,99,4.36,BR,2022-02-06 15:53:29
453,Sibay,52.7181,58.6658,15.6,96,100,6.87,RU,2022-02-06 15:53:30
454,Qaqortoq,60.7167,-46.0333,9.64,56,100,5.53,GL,2022-02-06 15:53:30
455,Tazmalt,36.3868,4.3989,60.78,59,18,5.28,DZ,2022-02-06 15:53:30
456,Chateauroux,46.8167,1.7,49.15,93,100,25.32,FR,2022-02-06 15:53:31
457,Vanavara,60.34,102.2797,-10.61,100,73,2.84,RU,2022-02-06 15:54:31
458,Lom,43.8139,23.2361,47.44,35,2,1.88,BG,2022-02-06 15:54:31
459,San Carlos De Bariloche,-41.1456,-71.3082,73.15,25,0,3.44,AR,2022-02-06 15:54:32
460,Romitan,39.9343,64.3814,40.95,65,100,4.61,UZ,2022-02-06 15:54:32
461,Cockburn Town,21.4612,-71.1419,80.56,47,40,13.8,TC,2022-02-06 15:54:32
462,Shu,43.5983,73.7614,36.37,91,100,9.01,KZ,2022-02-06 15:54:33
463,Kapit,2.0167,112.9333,73.33,98,100,1.5,MY,2022-02-06 15:54:33
464,Methven,-43.6333,171.65,48.92,99,100,1.01,NZ,2022-02-06 15:54:33
465,La Ronge,55.1001,-105.2842,-10.95,77,40,8.05,CA,2022-02-06 15:54:33
466,Muravlenko,63.7898,74.523,-15.99,100,70,7.09,RU,2022-02-06 15:54:34
467,Ferme-Neuve,46.7001,-75.4493,6.58,76,100,11.63,CA,2022-02-06 15:54:34
468,Maniitsoq,65.4167,-52.9,3.65,79,100,15.03,GL,2022-02-06 15:53:43
469,Lata,40.1629,-8.3327,65.35,29,65,6.06,PT,2022-02-06 15:51:10
470,Emba,48.8264,58.1442,18.81,94,100,12.82,KZ,2022-02-06 15:54:35
471,Hobyo,5.3505,48.5268,77.14,68,16,13.8,SO,2022-02-06 15:54:35
472,Usinsk,65.9939,57.5281,-7.1,89,81,7.45,RU,2022-02-06 15:54:35
473,Cabedelo,-6.9811,-34.8339,88.47,56,45,10.13,BR,2022-02-06 15:54:35
474,Kasongo-Lunda,-6.4667,16.8167,76.17,84,88,4.81,CD,2022-02-06 15:54:36
475,North Branch,45.5113,-92.9802,23.4,89,100,10.92,US,2022-02-06 15:54:36
476,Roald,62.5833,6.1333,39.34,65,75,14.97,NO,2022-02-06 15:54:36
477,Bulawayo,-20.15,28.5833,68.18,65,69,9.71,ZW,2022-02-06 15:49:45
478,Pitea,65.3172,21.4794,30.09,97,100,12.53,SE,2022-02-06 15:54:37
479,Barinitas,8.7622,-70.4111,78.28,46,59,2.33,VE,2022-02-06 15:54:37
480,Bucinisu,43.95,24.25,53.35,43,6,3.33,RO,2022-02-06 15:54:37
481,Pula,44.8683,13.8481,50.56,81,75,3.44,HR,2022-02-06 15:54:38
482,Zhangye,38.9342,100.4517,14.83,90,66,3.44,CN,2022-02-06 15:54:38
483,Toowoomba,-27.55,151.9667,59.83,82,10,4.18,AU,2022-02-06 15:54:38
484,Westport,41.1415,-73.3579,25.92,61,58,1.99,US,2022-02-06 15:54:39
485,Gelendzhik,44.5731,38.0747,38.21,71,99,10.0,RU,2022-02-06 15:54:33
486,Boffa,10.1667,-14.0333,91.51,46,5,14.12,GN,2022-02-06 15:54:39
487,Winslow,35.0242,-110.6974,15.98,45,0,0.0,US,2022-02-06 15:54:39
488,Bana,5.1481,10.2762,83.52,15,18,4.65,CM,2022-02-06 15:54:40
489,Kieta,-6.2167,155.6333,80.24,82,98,6.62,PG,2022-02-06 15:54:40
490,Forio,40.7342,13.8646,58.5,87,67,9.17,IT,2022-02-06 15:54:40
491,Tateyama,34.9833,139.8667,37.42,47,36,9.13,JP,2022-02-06 15:54:41
492,Meulaboh,4.1363,96.1285,77.81,87,90,9.26,ID,2022-02-06 15:54:41
493,Camapua,-19.5314,-54.0439,82.94,71,100,3.87,BR,2022-02-06 15:54:41
494,Satipo,-11.2522,-74.6386,72.48,96,100,1.03,PE,2022-02-06 15:54:41
495,Bonavista,48.6499,-53.1147,17.11,69,100,26.22,CA,2022-02-06 15:54:42
496,Jian,27.1172,114.9793,42.96,93,100,6.62,CN,2022-02-06 15:54:42
497,Verkh-Usugli,52.7,115.1667,-8.64,99,71,3.36,RU,2022-02-06 15:54:42
498,Redwater,33.3582,-94.2544,42.22,67,0,4.9,US,2022-02-06 15:54:43
499,Kidero,42.1932,45.9614,10.42,96,100,1.28,RU,2022-02-06 15:54:43
500,Marzuq,14.4,46.4667,70.07,31,28,2.84,YE,2022-02-06 15:54:43
501,Batagay-Alyta,67.8006,130.4114,-25.02,99,100,3.2,RU,2022-02-06 15:54:43
502,Chapada Dos Guimaraes,-15.4606,-55.7497,78.46,68,100,4.03,BR,2022-02-06 15:54:44
503,Ust-Tsilma,65.441,52.1498,12.79,91,64,9.91,RU,2022-02-06 15:55:35
504,Muroto,33.2833,134.15,40.26,54,3,14.14,JP,2022-02-06 15:55:44
505,Muzhi,65.3667,64.6667,-18.85,100,78,0.51,RU,2022-02-06 15:55:44
506,Partizanske,48.6286,18.3846,42.39,90,98,5.32,SK,2022-02-06 15:55:45
507,Shorapur,16.5167,76.75,76.41,30,12,7.67,IN,2022-02-06 15:55:45
508,Lakes Entrance,-37.8811,147.981,53.58,88,2,7.87,AU,2022-02-06 15:55:45
509,Lensk,60.7253,114.9278,9.54,97,100,2.44,RU,2022-02-06 15:52:23
510,Santa Maria,-29.6842,-53.8069,74.5,60,75,5.75,BR,2022-02-06 15:55:46
511,Yabrud,33.9674,36.6574,42.46,73,45,1.99,SY,2022-02-06 15:55:46
512,Mosquera,4.7059,-74.2302,60.89,72,75,5.75,CO,2022-02-06 15:55:46
513,Manggar,-2.8833,108.2667,78.98,85,92,8.41,ID,2022-02-06 15:55:47
514,Poum,-20.2333,164.0167,79.32,83,100,9.15,NC,2022-02-06 15:55:47
515,Kashan,33.9831,51.4364,49.57,36,0,3.44,IR,2022-02-06 15:55:47
516,Aripuana,-9.1667,-60.6333,85.24,70,81,1.48,BR,2022-02-06 15:55:47
517,Hisar,29.1667,75.7167,56.7,57,3,8.57,IN,2022-02-06 15:55:48
518,Kedrovyy,56.1667,91.8167,21.61,92,100,4.05,RU,2022-02-06 15:55:48
519,Clarence Town,-32.5833,151.7833,68.99,88,97,3.67,AU,2022-02-06 15:55:48
520,Baena,37.6167,-4.3225,67.66,47,30,4.45,ES,2022-02-06 15:55:49
521,Kenai,60.5544,-151.2583,21.15,90,0,0.0,US,2022-02-06 15:50:56
522,Akyab,20.15,92.9,66.43,53,100,16.71,MM,2022-02-06 15:55:49
523,Inuvik,68.3499,-133.7218,-14.76,76,100,2.3,CA,2022-02-06 15:55:49
524,Portel,-1.9356,-50.8211,80.26,86,100,3.11,BR,2022-02-06 15:55:50
525,Asfi,32.2994,-9.2372,65.82,63,16,20.24,MA,2022-02-06 15:51:07
526,Denizli,37.8402,29.0698,42.6,62,14,2.04,TR,2022-02-06 15:55:50
527,Rongcheng,30.634,117.8517,35.64,99,100,3.91,CN,2022-02-06 15:55:50
528,Hasaki,35.7333,140.8333,27.0,39,0,23.87,JP,2022-02-06 15:52:35
529,Sayat,38.7839,63.8803,42.67,50,97,7.34,TM,2022-02-06 15:55:51
530,Challapata,-18.9,-66.7667,52.74,56,26,7.0,BO,2022-02-06 15:55:51
531,Lodwar,3.1191,35.5973,93.99,19,59,4.45,KE,2022-02-06 15:55:51
532,Senneterre,48.3835,-77.2328,8.82,91,100,12.3,CA,2022-02-06 15:55:52
533,Hofn,64.2539,-15.2082,32.02,51,0,18.41,IS,2022-02-06 15:55:52
534,Cruz Grande,16.7333,-99.1333,83.35,41,2,1.97,MX,2022-02-06 15:55:52
535,Talcahuano,-36.7167,-73.1167,73.08,53,0,8.05,CL,2022-02-06 15:55:52
536,Champerico,14.3,-91.9167,91.76,60,7,4.97,GT,2022-02-06 15:55:53
537,Gazli,40.1333,63.45,40.66,57,100,8.77,UZ,2022-02-06 15:55:53
538,Otane,-39.8833,176.6333,56.39,97,100,7.99,NZ,2022-02-06 15:55:53
539,Great Falls,47.5002,-111.3008,36.41,74,75,14.97,US,2022-02-06 15:53:35
540,Ocos,14.5094,-92.1933,91.72,55,6,4.52,GT,2022-02-06 15:55:54
541,Gannan,47.9147,123.5031,2.55,82,84,6.06,CN,2022-02-06 15:55:54
542,Te Anau,-45.4167,167.7167,39.97,93,2,1.59,NZ,2022-02-06 15:55:54
543,Aitape,-3.1374,142.3475,78.91,87,100,6.11,PG,2022-02-06 15:55:55
544,Kamenka,51.3223,42.7678,21.74,97,100,6.69,RU,2022-02-06 15:55:55
545,Tomatlan,19.9333,-105.25,78.8,38,4,1.48,MX,2022-02-06 15:54:39
546,Poso,-1.3959,120.7524,78.06,81,98,3.51,ID,2022-02-06 15:55:55
547,Solnechnyy,50.7214,136.6319,-2.52,99,99,1.63,RU,2022-02-06 15:55:55
548,Along,28.1667,94.7667,49.62,96,62,1.07,IN,2022-02-06 15:55:56
549,Ixtapa,20.7,-105.2,77.38,46,29,2.37,MX,2022-02-06 15:55:56
550,Katsuura,35.1333,140.3,37.51,44,5,12.19,JP,2022-02-06 15:55:56
551,Alanya,36.5438,31.9998,54.54,55,73,3.51,TR,2022-02-06 15:56:57
552,Tagusao,9.1924,117.8141,78.03,82,100,6.02,PH,2022-02-06 15:56:57
553,Alice Springs,-23.7,133.8833,63.95,82,0,0.0,AU,2022-02-06 15:56:57
554,Hami,42.8,93.45,28.08,28,79,15.59,CN,2022-02-06 15:56:58
555,Killybegs,54.6333,-8.45,46.11,65,100,27.31,IE,2022-02-06 15:56:58
556,Ponta Delgada,37.7333,-25.6667,65.12,82,40,14.97,PT,2022-02-06 15:56:58
557,Clinton,42.587,-82.9199,26.4,72,9,4.0,US,2022-02-06 15:56:19
558,Rorvik,64.8621,11.2373,35.71,75,75,12.66,NO,2022-02-06 15:56:59
559,Brenham,30.1669,-96.3977,47.43,74,0,0.0,US,2022-02-06 15:55:55
560,Ekhabi,53.5102,142.9671,-0.4,93,100,20.65,RU,2022-02-06 15:56:59
561,Caucaia,-3.7361,-38.6531,87.75,70,40,12.66,BR,2022-02-06 15:53:37
562,Sassandra,4.95,-6.0833,85.03,64,53,10.89,CI,2022-02-06 15:56:59
563,Senno,59.5336,33.9167,21.25,93,100,8.48,RU,2022-02-06 15:57:00
564,Ojinaga,29.5667,-104.4167,40.15,41,0,0.0,MX,2022-02-06 15:57:00
565,Naze,28.3667,129.4833,51.66,66,100,11.83,JP,2022-02-06 15:53:22
566,Monopoli,40.9559,17.2896,59.14,79,44,9.1,IT,2022-02-06 15:57:00
567,Petropavlivka,48.4564,36.4367,30.9,91,100,8.25,UA,2022-02-06 15:57:01
568,Maple Creek,49.9168,-109.4848,36.01,64,94,3.44,CA,2022-02-06 15:57:01
569,Naduvattam,11.4833,76.5667,54.07,86,67,3.2,IN,2022-02-06 15:57:01
570,Formiga,-20.4644,-45.4264,68.5,95,100,6.02,BR,2022-02-06 15:57:01
571,Sechura,-5.5569,-80.8222,79.56,59,92,9.46,PE,2022-02-06 15:57:02
572,Necochea,-38.5473,-58.7368,63.03,79,94,21.32,AR,2022-02-06 15:57:02
573,Puerto Madryn,-42.7692,-65.0385,72.05,42,2,15.48,AR,2022-02-06 15:57:03
574,Pointe Michel,15.25,-61.3833,82.69,69,12,12.01,DM,2022-02-06 15:57:03
575,Lieksa,63.3167,30.0167,26.06,89,100,17.29,FI,2022-02-06 15:57:03
576,Pemangkat,1.1667,108.9667,79.03,86,97,6.58,ID,2022-02-06 15:57:03
577,Ipojuca,-8.3989,-35.0639,85.91,49,35,9.91,BR,2022-02-06 15:57:04
578,Belaya Gora,68.5333,146.4167,-42.27,100,74,1.83,RU,2022-02-06 15:57:04
579,Acari,-15.4311,-74.6158,80.69,55,86,9.42,PE,2022-02-06 15:57:04
580,Sao Joao Da Barra,-21.6403,-41.0511,86.09,78,4,16.22,BR,2022-02-06 15:57:05
